-- 불패스터디 샘플 데이터 생성

-- 샘플 사용자 프로필 생성
INSERT INTO public.user_profiles_2025_09_27_12_14 (id, user_id, username, full_name, initial_capital, current_capital, total_return_rate, participation_score, level) VALUES
('550e8400-e29b-41d4-a716-446655440001', '550e8400-e29b-41d4-a716-446655440001', 'investor_kim', '김투자', 10000000, 11500000, 15.0, 850, 3),
('550e8400-e29b-41d4-a716-446655440002', '550e8400-e29b-41d4-a716-446655440002', 'trader_lee', '이트레이더', 10000000, 9200000, -8.0, 720, 2),
('550e8400-e29b-41d4-a716-446655440003', '550e8400-e29b-41d4-a716-446655440003', 'stock_park', '박주식', 10000000, 12800000, 28.0, 1200, 4),
('550e8400-e29b-41d4-a716-446655440004', '550e8400-e29b-41d4-a716-446655440004', 'value_choi', '최가치', 10000000, 10300000, 3.0, 650, 2),
('550e8400-e29b-41d4-a716-446655440005', '550e8400-e29b-41d4-a716-446655440005', 'growth_jung', '정성장', 10000000, 13200000, 32.0, 950, 5);

-- 스터디 그룹 생성
INSERT INTO public.study_groups_2025_09_27_12_14 (id, name, description, leader_id, max_members, current_members, group_score) VALUES
('660e8400-e29b-41d4-a716-446655440001', '불패 A팀', '공격적 성장주 투자 그룹', '550e8400-e29b-41d4-a716-446655440003', 10, 5, 14.0),
('660e8400-e29b-41d4-a716-446655440002', '불패 B팀', '안정적 가치투자 그룹', '550e8400-e29b-41d4-a716-446655440001', 10, 3, 6.7);

-- 그룹 멤버십 생성
INSERT INTO public.group_memberships_2025_09_27_12_14 (user_id, group_id, role) VALUES
('550e8400-e29b-41d4-a716-446655440001', '660e8400-e29b-41d4-a716-446655440002', 'leader'),
('550e8400-e29b-41d4-a716-446655440002', '660e8400-e29b-41d4-a716-446655440001', 'member'),
('550e8400-e29b-41d4-a716-446655440003', '660e8400-e29b-41d4-a716-446655440001', 'leader'),
('550e8400-e29b-41d4-a716-446655440004', '660e8400-e29b-41d4-a716-446655440002', 'member'),
('550e8400-e29b-41d4-a716-446655440005', '660e8400-e29b-41d4-a716-446655440001', 'member');

-- 투자 기록 생성
INSERT INTO public.investment_records_2025_09_27_12_14 (user_id, stock_code, stock_name, transaction_type, quantity, price, total_amount, transaction_date, notes) VALUES
-- 김투자의 투자 기록
('550e8400-e29b-41d4-a716-446655440001', '005930', '삼성전자', 'buy', 20, 75000, 1500000, '2024-01-15', '반도체 업황 회복 기대'),
('550e8400-e29b-41d4-a716-446655440001', '000660', 'SK하이닉스', 'buy', 10, 120000, 1200000, '2024-01-20', 'AI 메모리 수요 증가'),
('550e8400-e29b-41d4-a716-446655440001', '035420', 'NAVER', 'buy', 5, 200000, 1000000, '2024-02-01', '플랫폼 사업 확장'),

-- 이트레이더의 투자 기록
('550e8400-e29b-41d4-a716-446655440002', '005930', '삼성전자', 'buy', 15, 78000, 1170000, '2024-01-10', '단기 반등 기대'),
('550e8400-e29b-41d4-a716-446655440002', '005930', '삼성전자', 'sell', 15, 72000, 1080000, '2024-02-15', '손절매'),
('550e8400-e29b-41d4-a716-446655440002', '373220', 'LG에너지솔루션', 'buy', 3, 450000, 1350000, '2024-02-20', '전기차 배터리 성장'),

-- 박주식의 투자 기록
('550e8400-e29b-41d4-a716-446655440003', '207940', '삼성바이오로직스', 'buy', 2, 800000, 1600000, '2024-01-05', '바이오 대장주'),
('550e8400-e29b-41d4-a716-446655440003', '068270', '셀트리온', 'buy', 8, 180000, 1440000, '2024-01-25', '바이오시밀러 시장 확대'),
('550e8400-e29b-41d4-a716-446655440003', '003670', '포스코DX', 'buy', 12, 85000, 1020000, '2024-02-10', 'DX 전환 수혜'),

-- 최가치의 투자 기록
('550e8400-e29b-41d4-a716-446655440004', '105560', 'KB금융', 'buy', 25, 60000, 1500000, '2024-01-12', '금리 상승 수혜'),
('550e8400-e29b-41d4-a716-446655440004', '055550', '신한지주', 'buy', 20, 45000, 900000, '2024-01-30', '안정적 배당'),

-- 정성장의 투자 기록
('550e8400-e29b-41d4-a716-446655440005', '035720', '카카오', 'buy', 8, 90000, 720000, '2024-01-08', '플랫폼 회복 기대'),
('550e8400-e29b-41d4-a716-446655440005', '251270', '넷마블', 'buy', 15, 65000, 975000, '2024-01-22', '게임 신작 출시'),
('550e8400-e29b-41d4-a716-446655440005', '036570', '엔씨소프트', 'buy', 4, 250000, 1000000, '2024-02-05', '리니지 시리즈 강세');

-- 포트폴리오 현황 생성
INSERT INTO public.portfolio_holdings_2025_09_27_12_14 (user_id, stock_code, stock_name, quantity, avg_price, current_price, total_value, unrealized_pnl) VALUES
-- 김투자 포트폴리오
('550e8400-e29b-41d4-a716-446655440001', '005930', '삼성전자', 20, 75000, 82000, 1640000, 140000),
('550e8400-e29b-41d4-a716-446655440001', '000660', 'SK하이닉스', 10, 120000, 135000, 1350000, 150000),
('550e8400-e29b-41d4-a716-446655440001', '035420', 'NAVER', 5, 200000, 220000, 1100000, 100000),

-- 박주식 포트폴리오
('550e8400-e29b-41d4-a716-446655440003', '207940', '삼성바이오로직스', 2, 800000, 950000, 1900000, 300000),
('550e8400-e29b-41d4-a716-446655440003', '068270', '셀트리온', 8, 180000, 210000, 1680000, 240000),
('550e8400-e29b-41d4-a716-446655440003', '003670', '포스코DX', 12, 85000, 95000, 1140000, 120000);

-- 투자 아이디어 생성
INSERT INTO public.investment_ideas_2025_09_27_12_14 (user_id, group_id, title, content, stock_code, stock_name, target_price, likes_count, comments_count) VALUES
('550e8400-e29b-41d4-a716-446655440003', '660e8400-e29b-41d4-a716-446655440001', '삼성바이오로직스 매수 추천', 
'글로벌 바이오의약품 위탁생산(CMO) 시장이 지속 성장하고 있습니다. 삼성바이오로직스는 세계 3위 규모의 생산능력을 보유하고 있으며, 4공장 완공으로 더욱 확장될 예정입니다. 현재 주가가 조정을 받고 있어 매수 기회로 판단됩니다.', 
'207940', '삼성바이오로직스', 1000000, 3, 2),

('550e8400-e29b-41d4-a716-446655440001', '660e8400-e29b-41d4-a716-446655440002', 'NAVER 플랫폼 사업 전망', 
'네이버의 검색광고 매출이 안정적이고, 웹툰/웹소설 등 콘텐츠 사업도 성장하고 있습니다. 특히 해외 진출이 가속화되면서 성장 동력이 다각화되고 있어 중장기 투자 관점에서 매력적입니다.', 
'035420', 'NAVER', 250000, 5, 3),

('550e8400-e29b-41d4-a716-446655440005', '660e8400-e29b-41d4-a716-446655440001', '게임주 반등 시나리오', 
'게임업계가 신작 출시와 함께 실적 개선 기대감이 높아지고 있습니다. 특히 모바일 게임 시장의 회복과 신규 IP 출시로 관련 종목들의 주가 반등이 예상됩니다. 넷마블, 엔씨소프트 등을 주목해볼 만합니다.', 
'251270', '넷마블', 80000, 2, 1);

-- 댓글 생성
INSERT INTO public.comments_2025_09_27_12_14 (user_id, idea_id, content) VALUES
('550e8400-e29b-41d4-a716-446655440001', (SELECT id FROM public.investment_ideas_2025_09_27_12_14 WHERE title = '삼성바이오로직스 매수 추천'), '동의합니다! CMO 시장 성장성이 매우 좋네요.'),
('550e8400-e29b-41d4-a716-446655440005', (SELECT id FROM public.investment_ideas_2025_09_27_12_14 WHERE title = '삼성바이오로직스 매수 추천'), '4공장 완공 시점을 잘 지켜봐야겠어요.'),
('550e8400-e29b-41d4-a716-446655440003', (SELECT id FROM public.investment_ideas_2025_09_27_12_14 WHERE title = 'NAVER 플랫폼 사업 전망'), '웹툰 사업 해외 진출이 인상적이네요!'),
('550e8400-e29b-41d4-a716-446655440004', (SELECT id FROM public.investment_ideas_2025_09_27_12_14 WHERE title = 'NAVER 플랫폼 사업 전망'), '검색광고 매출 안정성이 큰 장점인 것 같습니다.'),
('550e8400-e29b-41d4-a716-446655440002', (SELECT id FROM public.investment_ideas_2025_09_27_12_14 WHERE title = 'NAVER 플랫폼 사업 전망'), '클라우드 사업도 주목해볼 만해요.');

-- 참여도 로그 생성
INSERT INTO public.participation_logs_2025_09_27_12_14 (user_id, activity_type, points, description) VALUES
('550e8400-e29b-41d4-a716-446655440001', 'investment_record', 50, '삼성전자 매수 기록 추가'),
('550e8400-e29b-41d4-a716-446655440001', 'investment_record', 50, 'SK하이닉스 매수 기록 추가'),
('550e8400-e29b-41d4-a716-446655440001', 'investment_record', 50, 'NAVER 매수 기록 추가'),
('550e8400-e29b-41d4-a716-446655440001', 'idea_shared', 100, '투자 아이디어 "NAVER 플랫폼 사업 전망" 공유'),
('550e8400-e29b-41d4-a716-446655440001', 'comment_written', 25, '댓글 작성'),

('550e8400-e29b-41d4-a716-446655440003', 'investment_record', 50, '삼성바이오로직스 매수 기록 추가'),
('550e8400-e29b-41d4-a716-446655440003', 'investment_record', 50, '셀트리온 매수 기록 추가'),
('550e8400-e29b-41d4-a716-446655440003', 'investment_record', 50, '포스코DX 매수 기록 추가'),
('550e8400-e29b-41d4-a716-446655440003', 'idea_shared', 100, '투자 아이디어 "삼성바이오로직스 매수 추천" 공유'),

('550e8400-e29b-41d4-a716-446655440005', 'investment_record', 50, '카카오 매수 기록 추가'),
('550e8400-e29b-41d4-a716-446655440005', 'investment_record', 50, '넷마블 매수 기록 추가'),
('550e8400-e29b-41d4-a716-446655440005', 'investment_record', 50, '엔씨소프트 매수 기록 추가'),
('550e8400-e29b-41d4-a716-446655440005', 'idea_shared', 100, '투자 아이디어 "게임주 반등 시나리오" 공유');

-- 사용자 업적 생성
INSERT INTO public.user_achievements_2025_09_27_12_14 (user_id, achievement_id) VALUES
('550e8400-e29b-41d4-a716-446655440001', (SELECT id FROM public.achievements_2025_09_27_12_14 WHERE name = '첫 투자')),
('550e8400-e29b-41d4-a716-446655440001', (SELECT id FROM public.achievements_2025_09_27_12_14 WHERE name = '수익 달성')),
('550e8400-e29b-41d4-a716-446655440001', (SELECT id FROM public.achievements_2025_09_27_12_14 WHERE name = '수익률 10%')),

('550e8400-e29b-41d4-a716-446655440003', (SELECT id FROM public.achievements_2025_09_27_12_14 WHERE name = '첫 투자')),
('550e8400-e29b-41d4-a716-446655440003', (SELECT id FROM public.achievements_2025_09_27_12_14 WHERE name = '수익 달성')),
('550e8400-e29b-41d4-a716-446655440003', (SELECT id FROM public.achievements_2025_09_27_12_14 WHERE name = '수익률 10%')),
('550e8400-e29b-41d4-a716-446655440003', (SELECT id FROM public.achievements_2025_09_27_12_14 WHERE name = '활발한 참여자')),

('550e8400-e29b-41d4-a716-446655440005', (SELECT id FROM public.achievements_2025_09_27_12_14 WHERE name = '첫 투자')),
('550e8400-e29b-41d4-a716-446655440005', (SELECT id FROM public.achievements_2025_09_27_12_14 WHERE name = '수익 달성')),
('550e8400-e29b-41d4-a716-446655440005', (SELECT id FROM public.achievements_2025_09_27_12_14 WHERE name = '수익률 10%'));